date,code,status,reference,name,baseurl,extensions
2015-11-26,LP,final,P8_PV(2015)11-26(LP),LISTE DE PRÉSENCE,http://www.europarl.europa.eu/RegData/seance_pleniere/proces_verbal/2015/11-26/liste_presence/xml/P8_PV(2015)11-26(LP)_FR,pdf|xml
2015-11-25,LP,final,P8_PV(2015)11-25(LP),LISTE DE PRÉSENCE,http://www.europarl.europa.eu/RegData/seance_pleniere/proces_verbal/2015/11-25/liste_presence/xml/P8_PV(2015)11-25(LP)_FR,pdf|xml
2015-11-24,LP,final,P8_PV(2015)11-24(LP),LISTE DE PRÉSENCE,http://www.europarl.europa.eu/RegData/seance_pleniere/proces_verbal/2015/11-24/liste_presence/xml/P8_PV(2015)11-24(LP)_FR,pdf|xml
2015-11-23,LP,final,P8_PV(2015)11-23(LP),LISTE DE PRÉSENCE,http://www.europarl.europa.eu/RegData/seance_pleniere/proces_verbal/2015/11-23/liste_presence/xml/P8_PV(2015)11-23(LP)_FR,pdf|xml
2015-11-11,LP,final,P8_PV(2015)11-11(LP),LISTE DE PRÉSENCE,http://www.europarl.europa.eu/RegData/seance_pleniere/proces_verbal/2015/11-11/liste_presence/xml/P8_PV(2015)11-11(LP)_FR,pdf|xml
2015-10-29,LP,final,P8_PV(2015)10-29(LP),LISTE DE PRÉSENCE,http://www.europarl.europa.eu/RegData/seance_pleniere/proces_verbal/2015/10-29/liste_presence/xml/P8_PV(2015)10-29(LP)_FR,pdf|xml
2015-10-28,LP,final,P8_PV(2015)10-28(LP),LISTE DE PRÉSENCE,http://www.europarl.europa.eu/RegData/seance_pleniere/proces_verbal/2015/10-28/liste_presence/xml/P8_PV(2015)10-28(LP)_FR,pdf|xml
2015-10-27,LP,final,P8_PV(2015)10-27(LP),LISTE DE PRÉSENCE,http://www.europarl.europa.eu/RegData/seance_pleniere/proces_verbal/2015/10-27/liste_presence/xml/P8_PV(2015)10-27(LP)_FR,pdf|xml
2015-10-26,LP,final,P8_PV(2015)10-26(LP),LISTE DE PRÉSENCE,http://www.europarl.europa.eu/RegData/seance_pleniere/proces_verbal/2015/10-26/liste_presence/xml/P8_PV(2015)10-26(LP)_FR,pdf|xml
2015-10-14,LP,final,P8_PV(2015)10-14(LP),LISTE DE PRÉSENCE,http://www.europarl.europa.eu/RegData/seance_pleniere/proces_verbal/2015/10-14/liste_presence/xml/P8_PV(2015)10-14(LP)_FR,pdf|xml
2015-10-08,LP,final,P8_PV(2015)10-08(LP),LISTE DE PRÉSENCE,http://www.europarl.europa.eu/RegData/seance_pleniere/proces_verbal/2015/10-08/liste_presence/xml/P8_PV(2015)10-08(LP)_FR,pdf|xml
2015-10-07,LP,final,P8_PV(2015)10-07(LP),LISTE DE PRÉSENCE,http://www.europarl.europa.eu/RegData/seance_pleniere/proces_verbal/2015/10-07/liste_presence/xml/P8_PV(2015)10-07(LP)_FR,pdf|xml
2015-10-06,LP,final,P8_PV(2015)10-06(LP),LISTE DE PRÉSENCE,http://www.europarl.europa.eu/RegData/seance_pleniere/proces_verbal/2015/10-06/liste_presence/xml/P8_PV(2015)10-06(LP)_FR,pdf|xml
2015-10-05,LP,final,P8_PV(2015)10-05(LP),LISTE DE PRÉSENCE,http://www.europarl.europa.eu/RegData/seance_pleniere/proces_verbal/2015/10-05/liste_presence/xml/P8_PV(2015)10-05(LP)_FR,pdf|xml
2015-09-17,LP,final,P8_PV(2015)09-17(LP),LISTE DE PRÉSENCE,http://www.europarl.europa.eu/RegData/seance_pleniere/proces_verbal/2015/09-17/liste_presence/xml/P8_PV(2015)09-17(LP)_FR,pdf|xml
2015-09-16,LP,final,P8_PV(2015)09-16(LP),LISTE DE PRÉSENCE,http://www.europarl.europa.eu/RegData/seance_pleniere/proces_verbal/2015/09-16/liste_presence/xml/P8_PV(2015)09-16(LP)_FR,pdf|xml
2015-09-10,LP,final,P8_PV(2015)09-10(LP),LISTE DE PRÉSENCE,http://www.europarl.europa.eu/RegData/seance_pleniere/proces_verbal/2015/09-10/liste_presence/xml/P8_PV(2015)09-10(LP)_FR,pdf|xml
2015-09-09,LP,final,P8_PV(2015)09-09(LP),LISTE DE PRÉSENCE,http://www.europarl.europa.eu/RegData/seance_pleniere/proces_verbal/2015/09-09/liste_presence/xml/P8_PV(2015)09-09(LP)_FR,pdf|xml
2015-09-08,LP,final,P8_PV(2015)09-08(LP),LISTE DE PRÉSENCE,http://www.europarl.europa.eu/RegData/seance_pleniere/proces_verbal/2015/09-08/liste_presence/xml/P8_PV(2015)09-08(LP)_FR,pdf|xml
2015-09-07,LP,final,P8_PV(2015)09-07(LP),LISTE DE PRÉSENCE,http://www.europarl.europa.eu/RegData/seance_pleniere/proces_verbal/2015/09-07/liste_presence/xml/P8_PV(2015)09-07(LP)_FR,pdf|xml
2015-07-09,LP,final,P8_PV(2015)07-09(LP),LISTE DE PRÉSENCE,http://www.europarl.europa.eu/RegData/seance_pleniere/proces_verbal/2015/07-09/liste_presence/xml/P8_PV(2015)07-09(LP)_FR,pdf|xml
2015-07-08,LP,final,P8_PV(2015)07-08(LP),LISTE DE PRÉSENCE,http://www.europarl.europa.eu/RegData/seance_pleniere/proces_verbal/2015/07-08/liste_presence/xml/P8_PV(2015)07-08(LP)_FR,pdf|xml
2015-07-07,LP,final,P8_PV(2015)07-07(LP),LISTE DE PRÉSENCE,http://www.europarl.europa.eu/RegData/seance_pleniere/proces_verbal/2015/07-07/liste_presence/xml/P8_PV(2015)07-07(LP)_FR,pdf|xml
2015-07-06,LP,final,P8_PV(2015)07-06(LP),LISTE DE PRÉSENCE,http://www.europarl.europa.eu/RegData/seance_pleniere/proces_verbal/2015/07-06/liste_presence/xml/P8_PV(2015)07-06(LP)_FR,pdf|xml
2015-06-24,LP,final,P8_PV(2015)06-24(LP),LISTE DE PRÉSENCE,http://www.europarl.europa.eu/RegData/seance_pleniere/proces_verbal/2015/06-24/liste_presence/xml/P8_PV(2015)06-24(LP)_FR,pdf|xml
2015-06-11,LP,final,P8_PV(2015)06-11(LP),LISTE DE PRÉSENCE,http://www.europarl.europa.eu/RegData/seance_pleniere/proces_verbal/2015/06-11/liste_presence/xml/P8_PV(2015)06-11(LP)_FR,pdf|xml
2015-06-10,LP,final,P8_PV(2015)06-10(LP),LISTE DE PRÉSENCE,http://www.europarl.europa.eu/RegData/seance_pleniere/proces_verbal/2015/06-10/liste_presence/xml/P8_PV(2015)06-10(LP)_FR,pdf|xml
2015-06-09,LP,final,P8_PV(2015)06-09(LP),LISTE DE PRÉSENCE,http://www.europarl.europa.eu/RegData/seance_pleniere/proces_verbal/2015/06-09/liste_presence/xml/P8_PV(2015)06-09(LP)_FR,pdf|xml
2015-06-08,LP,final,P8_PV(2015)06-08(LP),LISTE DE PRÉSENCE,http://www.europarl.europa.eu/RegData/seance_pleniere/proces_verbal/2015/06-08/liste_presence/xml/P8_PV(2015)06-08(LP)_FR,pdf|xml
2015-05-27,LP,final,P8_PV(2015)05-27(LP),LISTE DE PRÉSENCE,http://www.europarl.europa.eu/RegData/seance_pleniere/proces_verbal/2015/05-27/liste_presence/xml/P8_PV(2015)05-27(LP)_FR,pdf|xml
2015-05-21,LP,final,P8_PV(2015)05-21(LP),LISTE DE PRÉSENCE,http://www.europarl.europa.eu/RegData/seance_pleniere/proces_verbal/2015/05-21/liste_presence/xml/P8_PV(2015)05-21(LP)_FR,pdf|xml
2015-05-20,LP,final,P8_PV(2015)05-20(LP),LISTE DE PRÉSENCE,http://www.europarl.europa.eu/RegData/seance_pleniere/proces_verbal/2015/05-20/liste_presence/xml/P8_PV(2015)05-20(LP)_FR,pdf|xml
2015-05-19,LP,final,P8_PV(2015)05-19(LP),LISTE DE PRÉSENCE,http://www.europarl.europa.eu/RegData/seance_pleniere/proces_verbal/2015/05-19/liste_presence/xml/P8_PV(2015)05-19(LP)_FR,pdf|xml
2015-05-18,LP,final,P8_PV(2015)05-18(LP),LISTE DE PRÉSENCE,http://www.europarl.europa.eu/RegData/seance_pleniere/proces_verbal/2015/05-18/liste_presence/xml/P8_PV(2015)05-18(LP)_FR,pdf|xml
2015-04-30,LP,final,P8_PV(2015)04-30(LP),LISTE DE PRÉSENCE,http://www.europarl.europa.eu/RegData/seance_pleniere/proces_verbal/2015/04-30/liste_presence/xml/P8_PV(2015)04-30(LP)_FR,pdf|xml
2015-04-29,LP,final,P8_PV(2015)04-29(LP),LISTE DE PRÉSENCE,http://www.europarl.europa.eu/RegData/seance_pleniere/proces_verbal/2015/04-29/liste_presence/xml/P8_PV(2015)04-29(LP)_FR,pdf|xml
2015-04-28,LP,final,P8_PV(2015)04-28(LP),LISTE DE PRÉSENCE,http://www.europarl.europa.eu/RegData/seance_pleniere/proces_verbal/2015/04-28/liste_presence/xml/P8_PV(2015)04-28(LP)_FR,pdf|xml
2015-04-27,LP,final,P8_PV(2015)04-27(LP),LISTE DE PRÉSENCE,http://www.europarl.europa.eu/RegData/seance_pleniere/proces_verbal/2015/04-27/liste_presence/xml/P8_PV(2015)04-27(LP)_FR,pdf|xml
2015-04-15,LP,final,P8_PV(2015)04-15(LP),LISTE DE PRÉSENCE,http://www.europarl.europa.eu/RegData/seance_pleniere/proces_verbal/2015/04-15/liste_presence/xml/P8_PV(2015)04-15(LP)_FR,pdf|xml
2015-03-25,LP,final,P8_PV(2015)03-25(LP),LISTE DE PRÉSENCE,http://www.europarl.europa.eu/RegData/seance_pleniere/proces_verbal/2015/03-25/liste_presence/xml/P8_PV(2015)03-25(LP)_FR,pdf|xml
2015-03-12,LP,final,P8_PV(2015)03-12(LP),LISTE DE PRÉSENCE,http://www.europarl.europa.eu/RegData/seance_pleniere/proces_verbal/2015/03-12/liste_presence/xml/P8_PV(2015)03-12(LP)_FR,pdf|xml
2015-03-11,LP,final,P8_PV(2015)03-11(LP),LISTE DE PRÉSENCE,http://www.europarl.europa.eu/RegData/seance_pleniere/proces_verbal/2015/03-11/liste_presence/xml/P8_PV(2015)03-11(LP)_FR,pdf|xml
2015-03-10,LP,final,P8_PV(2015)03-10(LP),LISTE DE PRÉSENCE,http://www.europarl.europa.eu/RegData/seance_pleniere/proces_verbal/2015/03-10/liste_presence/xml/P8_PV(2015)03-10(LP)_FR,pdf|xml
2015-03-09,LP,final,P8_PV(2015)03-09(LP),LISTE DE PRÉSENCE,http://www.europarl.europa.eu/RegData/seance_pleniere/proces_verbal/2015/03-09/liste_presence/xml/P8_PV(2015)03-09(LP)_FR,pdf|xml
2015-02-25,LP,final,P8_PV(2015)02-25(LP),LISTE DE PRÉSENCE,http://www.europarl.europa.eu/RegData/seance_pleniere/proces_verbal/2015/02-25/liste_presence/xml/P8_PV(2015)02-25(LP)_FR,pdf|xml
2015-02-12,LP,final,P8_PV(2015)02-12(LP),LISTE DE PRÉSENCE,http://www.europarl.europa.eu/RegData/seance_pleniere/proces_verbal/2015/02-12/liste_presence/xml/P8_PV(2015)02-12(LP)_FR,pdf|xml
2015-02-11,LP,final,P8_PV(2015)02-11(LP),LISTE DE PRÉSENCE,http://www.europarl.europa.eu/RegData/seance_pleniere/proces_verbal/2015/02-11/liste_presence/xml/P8_PV(2015)02-11(LP)_FR,pdf|xml
2015-02-10,LP,final,P8_PV(2015)02-10(LP),LISTE DE PRÉSENCE,http://www.europarl.europa.eu/RegData/seance_pleniere/proces_verbal/2015/02-10/liste_presence/xml/P8_PV(2015)02-10(LP)_FR,pdf|xml
2015-02-09,LP,final,P8_PV(2015)02-09(LP),LISTE DE PRÉSENCE,http://www.europarl.europa.eu/RegData/seance_pleniere/proces_verbal/2015/02-09/liste_presence/xml/P8_PV(2015)02-09(LP)_FR,pdf|xml
2015-01-28,LP,final,P8_PV(2015)01-28(LP),LISTE DE PRÉSENCE,http://www.europarl.europa.eu/RegData/seance_pleniere/proces_verbal/2015/01-28/liste_presence/xml/P8_PV(2015)01-28(LP)_FR,pdf|xml
2015-01-15,LP,final,P8_PV(2015)01-15(LP),LISTE DE PRÉSENCE,http://www.europarl.europa.eu/RegData/seance_pleniere/proces_verbal/2015/01-15/liste_presence/xml/P8_PV(2015)01-15(LP)_FR,pdf|xml
2015-01-14,LP,final,P8_PV(2015)01-14(LP),LISTE DE PRÉSENCE,http://www.europarl.europa.eu/RegData/seance_pleniere/proces_verbal/2015/01-14/liste_presence/xml/P8_PV(2015)01-14(LP)_FR,pdf|xml
2015-01-13,LP,final,P8_PV(2015)01-13(LP),LISTE DE PRÉSENCE,http://www.europarl.europa.eu/RegData/seance_pleniere/proces_verbal/2015/01-13/liste_presence/P8_PV(2015)01-13(LP)_FR,pdf|doc|xml
2015-01-12,LP,final,P8_PV(2015)01-12(LP),LISTE DE PRÉSENCE,http://www.europarl.europa.eu/RegData/seance_pleniere/proces_verbal/2015/01-12/liste_presence/xml/P8_PV(2015)01-12(LP)_FR,pdf|xml
2014-12-18,LP,final,P8_PV(2014)12-18(LP),LISTE DE PRÉSENCE,http://www.europarl.europa.eu/RegData/seance_pleniere/proces_verbal/2014/12-18/liste_presence/xml/P8_PV(2014)12-18(LP)_FR,pdf|xml
2014-12-17,LP,final,P8_PV(2014)12-17(LP),LISTE DE PRÉSENCE,http://www.europarl.europa.eu/RegData/seance_pleniere/proces_verbal/2014/12-17/liste_presence/xml/P8_PV(2014)12-17(LP)_FR,pdf|xml
2014-12-16,LP,final,P8_PV(2014)12-16(LP),LISTE DE PRÉSENCE,http://www.europarl.europa.eu/RegData/seance_pleniere/proces_verbal/2014/12-16/liste_presence/xml/P8_PV(2014)12-16(LP)_FR,pdf|xml
2014-12-15,LP,final,P8_PV(2014)12-15(LP),LISTE DE PRÉSENCE,http://www.europarl.europa.eu/RegData/seance_pleniere/proces_verbal/2014/12-15/liste_presence/xml/P8_PV(2014)12-15(LP)_FR,pdf|xml
2014-11-27,LP,final,P8_PV(2014)11-27(LP),LISTE DE PRÉSENCE,http://www.europarl.europa.eu/RegData/seance_pleniere/proces_verbal/2014/11-27/liste_presence/xml/P8_PV(2014)11-27(LP)_FR,pdf|xml
2014-11-26,LP,final,P8_PV(2014)11-26(LP),LISTE DE PRÉSENCE,http://www.europarl.europa.eu/RegData/seance_pleniere/proces_verbal/2014/11-26/liste_presence/xml/P8_PV(2014)11-26(LP)_FR,pdf|xml
2014-11-25,LP,final,P8_PV(2014)11-25(LP),LISTE DE PRÉSENCE,http://www.europarl.europa.eu/RegData/seance_pleniere/proces_verbal/2014/11-25/liste_presence/xml/P8_PV(2014)11-25(LP)_FR,pdf|xml
2014-11-24,LP,final,P8_PV(2014)11-24(LP),LISTE DE PRÉSENCE,http://www.europarl.europa.eu/RegData/seance_pleniere/proces_verbal/2014/11-24/liste_presence/xml/P8_PV(2014)11-24(LP)_FR,pdf|xml
2014-11-13,LP,final,P8_PV(2014)11-13(LP),LISTE DE PRÉSENCE,http://www.europarl.europa.eu/RegData/seance_pleniere/proces_verbal/2014/11-13/liste_presence/xml/P8_PV(2014)11-13(LP)_FR,pdf|xml
2014-11-12,LP,final,P8_PV(2014)11-12(LP),LISTE DE PRÉSENCE,http://www.europarl.europa.eu/RegData/seance_pleniere/proces_verbal/2014/11-12/liste_presence/xml/P8_PV(2014)11-12(LP)_FR,pdf|xml
2014-10-23,LP,final,P8_PV(2014)10-23(LP),LISTE DE PRÉSENCE,http://www.europarl.europa.eu/RegData/seance_pleniere/proces_verbal/2014/10-23/liste_presence/xml/P8_PV(2014)10-23(LP)_FR,pdf|xml
2014-10-22,LP,final,P8_PV(2014)10-22(LP),LISTE DE PRÉSENCE,http://www.europarl.europa.eu/RegData/seance_pleniere/proces_verbal/2014/10-22/liste_presence/xml/P8_PV(2014)10-22(LP)_FR,pdf|xml
2014-10-21,LP,final,P8_PV(2014)10-21(LP),LISTE DE PRÉSENCE,http://www.europarl.europa.eu/RegData/seance_pleniere/proces_verbal/2014/10-21/liste_presence/xml/P8_PV(2014)10-21(LP)_FR,pdf|xml
2014-10-20,LP,final,P8_PV(2014)10-20(LP),LISTE DE PRÉSENCE,http://www.europarl.europa.eu/RegData/seance_pleniere/proces_verbal/2014/10-20/liste_presence/xml/P8_PV(2014)10-20(LP)_FR,pdf|xml
2014-09-18,LP,final,P8_PV(2014)09-18(LP),LISTE DE PRÉSENCE,http://www.europarl.europa.eu/RegData/seance_pleniere/proces_verbal/2014/09-18/liste_presence/xml/P8_PV(2014)09-18(LP)_FR,pdf|xml
2014-09-17,LP,final,P8_PV(2014)09-17(LP),LISTE DE PRÉSENCE,http://www.europarl.europa.eu/RegData/seance_pleniere/proces_verbal/2014/09-17/liste_presence/xml/P8_PV(2014)09-17(LP)_FR,pdf|xml
2014-09-16,LP,final,P8_PV(2014)09-16(LP),LISTE DE PRÉSENCE,http://www.europarl.europa.eu/RegData/seance_pleniere/proces_verbal/2014/09-16/liste_presence/xml/P8_PV(2014)09-16(LP)_FR,pdf|xml
2014-09-15,LP,final,P8_PV(2014)09-15(LP),LISTE DE PRÉSENCE,http://www.europarl.europa.eu/RegData/seance_pleniere/proces_verbal/2014/09-15/liste_presence/xml/P8_PV(2014)09-15(LP)_FR,pdf|xml
2014-07-17,LP,final,P8_PV(2014)07-17(LP),LISTE DE PRÉSENCE,http://www.europarl.europa.eu/RegData/seance_pleniere/proces_verbal/2014/07-17/liste_presence/xml/P8_PV(2014)07-17(LP)_FR,pdf|xml
2014-07-16,LP,final,P8_PV(2014)07-16(LP),LISTE DE PRÉSENCE,http://www.europarl.europa.eu/RegData/seance_pleniere/proces_verbal/2014/07-16/liste_presence/xml/P8_PV(2014)07-16(LP)_FR,pdf|xml
2014-07-15,LP,final,P8_PV(2014)07-15(LP),LISTE DE PRÉSENCE,http://www.europarl.europa.eu/RegData/seance_pleniere/proces_verbal/2014/07-15/liste_presence/xml/P8_PV(2014)07-15(LP)_FR,pdf|xml
2014-07-14,LP,final,P8_PV(2014)07-14(LP),LISTE DE PRÉSENCE,http://www.europarl.europa.eu/RegData/seance_pleniere/proces_verbal/2014/07-14/liste_presence/xml/P8_PV(2014)07-14(LP)_FR,pdf|xml
2014-07-03,LP,final,P8_PV(2014)07-03(LP),LISTE DE PRÉSENCE,http://www.europarl.europa.eu/RegData/seance_pleniere/proces_verbal/2014/07-03/liste_presence/xml/P8_PV(2014)07-03(LP)_FR,pdf|xml
2014-07-02,LP,final,P8_PV(2014)07-02(LP),LISTE DE PRÉSENCE,http://www.europarl.europa.eu/RegData/seance_pleniere/proces_verbal/2014/07-02/liste_presence/xml/P8_PV(2014)07-02(LP)_FR,pdf|xml
2014-07-01,LP,final,P8_PV(2014)07-01(LP),LISTE DE PRÉSENCE,http://www.europarl.europa.eu/RegData/seance_pleniere/proces_verbal/2014/07-01/liste_presence/xml/P8_PV(2014)07-01(LP)_FR,pdf|xml
2018-11-12,LP,prov,P8_PV-PROV(2018)11-12(LP),Procès-verbal - Attendance List,http://www.europarl.europa.eu/RegData/seance_pleniere/proces_verbal/2018/11-12/pv_provisoire/P8_PV-PROV(2018)11-12(LP)_FR,pdf|xml|docx
2018-10-25,LP,prov,P8_PV-PROV(2018)10-25(LP),Procès-verbal - Attendance List,http://www.europarl.europa.eu/RegData/seance_pleniere/proces_verbal/2018/10-25/pv_provisoire/P8_PV-PROV(2018)10-25(LP)_FR,pdf|xml|docx
2018-10-24,LP,prov,P8_PV-PROV(2018)10-24(LP),Procès-verbal - Attendance List,http://www.europarl.europa.eu/RegData/seance_pleniere/proces_verbal/2018/10-24/pv_provisoire/P8_PV-PROV(2018)10-24(LP)_FR,pdf|xml|docx
2018-10-23,LP,prov,P8_PV-PROV(2018)10-23(LP),Procès-verbal - Attendance List,http://www.europarl.europa.eu/RegData/seance_pleniere/proces_verbal/2018/10-23/pv_provisoire/P8_PV-PROV(2018)10-23(LP)_FR,pdf|xml|docx
2018-10-22,LP,prov,P8_PV-PROV(2018)10-22(LP),Procès-verbal - Attendance List,http://www.europarl.europa.eu/RegData/seance_pleniere/proces_verbal/2018/10-22/pv_provisoire/P8_PV-PROV(2018)10-22(LP)_FR,pdf|xml|docx
2018-10-04,LP,prov,P8_PV-PROV(2018)10-04(LP),Procès-verbal - Attendance List,http://www.europarl.europa.eu/RegData/seance_pleniere/proces_verbal/2018/10-04/pv_provisoire/P8_PV-PROV(2018)10-04(LP)_FR,pdf|xml|docx
2018-10-03,LP,prov,P8_PV-PROV(2018)10-03(LP),Procès-verbal - Attendance List,http://www.europarl.europa.eu/RegData/seance_pleniere/proces_verbal/2018/10-03/pv_provisoire/P8_PV-PROV(2018)10-03(LP)_FR,pdf|xml|docx
2018-10-02,LP,prov,P8_PV-PROV(2018)10-02(LP),Procès-verbal - Attendance List,http://www.europarl.europa.eu/RegData/seance_pleniere/proces_verbal/2018/10-02/pv_provisoire/P8_PV-PROV(2018)10-02(LP)_FR,pdf|xml|docx
2018-10-01,LP,prov,P8_PV-PROV(2018)10-01(LP),Procès-verbal - Attendance List,http://www.europarl.europa.eu/RegData/seance_pleniere/proces_verbal/2018/10-01/pv_provisoire/P8_PV-PROV(2018)10-01(LP)_FR,pdf|xml|docx
2018-09-13,LP,prov,P8_PV-PROV(2018)09-13(LP),Procès-verbal - Attendance List,http://www.europarl.europa.eu/RegData/seance_pleniere/proces_verbal/2018/09-13/pv_provisoire/P8_PV-PROV(2018)09-13(LP)_FR,pdf|xml|docx
2018-09-12,LP,prov,P8_PV-PROV(2018)09-12(LP),Procès-verbal - Attendance List,http://www.europarl.europa.eu/RegData/seance_pleniere/proces_verbal/2018/09-12/pv_provisoire/P8_PV-PROV(2018)09-12(LP)_FR,pdf|xml|docx
2018-09-11,LP,prov,P8_PV-PROV(2018)09-11(LP),Procès-verbal - Attendance List,http://www.europarl.europa.eu/RegData/seance_pleniere/proces_verbal/2018/09-11/pv_provisoire/P8_PV-PROV(2018)09-11(LP)_FR,pdf|xml|docx
2018-09-10,LP,prov,P8_PV-PROV(2018)09-10(LP),Procès-verbal - Attendance List,http://www.europarl.europa.eu/RegData/seance_pleniere/proces_verbal/2018/09-10/pv_provisoire/P8_PV-PROV(2018)09-10(LP)_FR,pdf|xml|docx
2018-07-05,LP,prov,P8_PV-PROV(2018)07-05(LP),Procès-verbal - Attendance List,http://www.europarl.europa.eu/RegData/seance_pleniere/proces_verbal/2018/07-05/pv_provisoire/P8_PV-PROV(2018)07-05(LP)_FR,pdf|xml|docx
2018-07-04,LP,prov,P8_PV-PROV(2018)07-04(LP),Procès-verbal - Attendance List,http://www.europarl.europa.eu/RegData/seance_pleniere/proces_verbal/2018/07-04/pv_provisoire/P8_PV-PROV(2018)07-04(LP)_FR,pdf|xml|docx
2018-07-03,LP,prov,P8_PV-PROV(2018)07-03(LP),Procès-verbal - Attendance List,http://www.europarl.europa.eu/RegData/seance_pleniere/proces_verbal/2018/07-03/pv_provisoire/P8_PV-PROV(2018)07-03(LP)_FR,pdf|xml|docx
2018-07-02,LP,prov,P8_PV-PROV(2018)07-02(LP),Procès-verbal - Attendance List,http://www.europarl.europa.eu/RegData/seance_pleniere/proces_verbal/2018/07-02/pv_provisoire/P8_PV-PROV(2018)07-02(LP)_FR,pdf|xml|docx
2018-06-14,LP,prov,P8_PV-PROV(2018)06-14(LP),Procès-verbal - Attendance List,http://www.europarl.europa.eu/RegData/seance_pleniere/proces_verbal/2018/06-14/pv_provisoire/P8_PV-PROV(2018)06-14(LP)_FR,pdf|xml|docx
2018-06-13,LP,prov,P8_PV-PROV(2018)06-13(LP),Procès-verbal - Attendance List,http://www.europarl.europa.eu/RegData/seance_pleniere/proces_verbal/2018/06-13/pv_provisoire/P8_PV-PROV(2018)06-13(LP)_FR,pdf|xml|docx
2018-06-12,LP,prov,P8_PV-PROV(2018)06-12(LP),Procès-verbal - Attendance List,http://www.europarl.europa.eu/RegData/seance_pleniere/proces_verbal/2018/06-12/pv_provisoire/P8_PV-PROV(2018)06-12(LP)_FR,pdf|xml|docx
2018-06-11,LP,prov,P8_PV-PROV(2018)06-11(LP),Procès-verbal - Attendance List,http://www.europarl.europa.eu/RegData/seance_pleniere/proces_verbal/2018/06-11/pv_provisoire/P8_PV-PROV(2018)06-11(LP)_FR,pdf|xml|docx
2018-05-31,LP,prov,P8_PV-PROV(2018)05-31(LP),Procès-verbal - Attendance List,http://www.europarl.europa.eu/RegData/seance_pleniere/proces_verbal/2018/05-31/pv_provisoire/P8_PV-PROV(2018)05-31(LP)_FR,pdf|xml|docx
2018-05-30,LP,prov,P8_PV-PROV(2018)05-30(LP),Procès-verbal - Attendance List,http://www.europarl.europa.eu/RegData/seance_pleniere/proces_verbal/2018/05-30/pv_provisoire/P8_PV-PROV(2018)05-30(LP)_FR,pdf|xml|docx
2018-05-29,LP,prov,P8_PV-PROV(2018)05-29(LP),Procès-verbal - Attendance List,http://www.europarl.europa.eu/RegData/seance_pleniere/proces_verbal/2018/05-29/pv_provisoire/P8_PV-PROV(2018)05-29(LP)_FR,pdf|xml|docx
2018-05-28,LP,prov,P8_PV-PROV(2018)05-28(LP),Procès-verbal - Attendance List,http://www.europarl.europa.eu/RegData/seance_pleniere/proces_verbal/2018/05-28/pv_provisoire/P8_PV-PROV(2018)05-28(LP)_FR,pdf|xml|docx
2018-05-03,LP,prov,P8_PV-PROV(2018)05-03(LP),Procès-verbal - Attendance List,http://www.europarl.europa.eu/RegData/seance_pleniere/proces_verbal/2018/05-03/pv_provisoire/P8_PV-PROV(2018)05-03(LP)_FR,pdf|xml|docx
2018-05-02,LP,prov,P8_PV-PROV(2018)05-02(LP),Procès-verbal - Attendance List,http://www.europarl.europa.eu/RegData/seance_pleniere/proces_verbal/2018/05-02/pv_provisoire/P8_PV-PROV(2018)05-02(LP)_FR,pdf|xml|docx
2018-04-19,LP,prov,P8_PV-PROV(2018)04-19(LP),Procès-verbal - Attendance List,http://www.europarl.europa.eu/RegData/seance_pleniere/proces_verbal/2018/04-19/pv_provisoire/P8_PV-PROV(2018)04-19(LP)_FR,pdf|xml|docx
2018-04-18,LP,prov,P8_PV-PROV(2018)04-18(LP),Procès-verbal - Attendance List,http://www.europarl.europa.eu/RegData/seance_pleniere/proces_verbal/2018/04-18/pv_provisoire/P8_PV-PROV(2018)04-18(LP)_FR,pdf|xml|docx
2018-04-17,LP,prov,P8_PV-PROV(2018)04-17(LP),Procès-verbal - Attendance List,http://www.europarl.europa.eu/RegData/seance_pleniere/proces_verbal/2018/04-17/pv_provisoire/P8_PV-PROV(2018)04-17(LP)_FR,pdf|xml|docx
2018-04-16,LP,prov,P8_PV-PROV(2018)04-16(LP),Procès-verbal - Attendance List,http://www.europarl.europa.eu/RegData/seance_pleniere/proces_verbal/2018/04-16/pv_provisoire/P8_PV-PROV(2018)04-16(LP)_FR,pdf|xml|docx
2018-03-15,LP,prov,P8_PV-PROV(2018)03-15(LP),Procès-verbal - Attendance List,http://www.europarl.europa.eu/RegData/seance_pleniere/proces_verbal/2018/03-15/pv_provisoire/P8_PV-PROV(2018)03-15(LP)_FR,pdf|xml|docx
2018-03-14,LP,prov,P8_PV-PROV(2018)03-14(LP),Procès-verbal - Attendance List,http://www.europarl.europa.eu/RegData/seance_pleniere/proces_verbal/2018/03-14/pv_provisoire/P8_PV-PROV(2018)03-14(LP)_FR,pdf|xml|docx
2018-03-13,LP,prov,P8_PV-PROV(2018)03-13(LP),Procès-verbal - Attendance List,http://www.europarl.europa.eu/RegData/seance_pleniere/proces_verbal/2018/03-13/pv_provisoire/P8_PV-PROV(2018)03-13(LP)_FR,pdf|xml|docx
2018-03-12,LP,prov,P8_PV-PROV(2018)03-12(LP),Procès-verbal - Attendance List,http://www.europarl.europa.eu/RegData/seance_pleniere/proces_verbal/2018/03-12/pv_provisoire/P8_PV-PROV(2018)03-12(LP)_FR,pdf|xml|docx
2018-03-01,LP,prov,P8_PV-PROV(2018)03-01(LP),Procès-verbal - Attendance List,http://www.europarl.europa.eu/RegData/seance_pleniere/proces_verbal/2018/03-01/pv_provisoire/P8_PV-PROV(2018)03-01(LP)_FR,pdf|xml|docx
2018-02-28,LP,prov,P8_PV-PROV(2018)02-28(LP),Procès-verbal - Attendance List,http://www.europarl.europa.eu/RegData/seance_pleniere/proces_verbal/2018/02-28/pv_provisoire/P8_PV-PROV(2018)02-28(LP)_FR,pdf|xml|docx
2018-02-08,LP,prov,P8_PV-PROV(2018)02-08(LP),Procès-verbal - Attendance List,http://www.europarl.europa.eu/RegData/seance_pleniere/proces_verbal/2018/02-08/pv_provisoire/P8_PV-PROV(2018)02-08(LP)_FR,pdf|xml|docx
2018-02-07,LP,prov,P8_PV-PROV(2018)02-07(LP),Procès-verbal - Attendance List,http://www.europarl.europa.eu/RegData/seance_pleniere/proces_verbal/2018/02-07/pv_provisoire/P8_PV-PROV(2018)02-07(LP)_FR,pdf|xml|docx
2018-02-06,LP,prov,P8_PV-PROV(2018)02-06(LP),Procès-verbal - Attendance List,http://www.europarl.europa.eu/RegData/seance_pleniere/proces_verbal/2018/02-06/pv_provisoire/P8_PV-PROV(2018)02-06(LP)_FR,pdf|xml|docx
2018-02-05,LP,prov,P8_PV-PROV(2018)02-05(LP),Procès-verbal - Attendance List,http://www.europarl.europa.eu/RegData/seance_pleniere/proces_verbal/2018/02-05/pv_provisoire/P8_PV-PROV(2018)02-05(LP)_FR,pdf|xml|docx
2018-01-18,LP,prov,P8_PV-PROV(2018)01-18(LP),Procès-verbal provisoire  - Liste de présence,http://www.europarl.europa.eu/RegData/seance_pleniere/proces_verbal/2018/01-18/pv_provisoire/P8_PV-PROV(2018)01-18(LP)_FR,pdf|xml|docx
2018-01-17,LP,prov,P8_PV-PROV(2018)01-17(LP),Procès-verbal - Attendance List,http://www.europarl.europa.eu/RegData/seance_pleniere/proces_verbal/2018/01-17/pv_provisoire/P8_PV-PROV(2018)01-17(LP)_FR,pdf|xml|docx
2018-01-16,LP,prov,P8_PV-PROV(2018)01-16(LP),Procès-verbal - Attendance List,http://www.europarl.europa.eu/RegData/seance_pleniere/proces_verbal/2018/01-16/pv_provisoire/P8_PV-PROV(2018)01-16(LP)_FR,pdf|xml|docx
2018-01-15,LP,prov,P8_PV-PROV(2018)01-15(LP),Procès-verbal - Attendance List,http://www.europarl.europa.eu/RegData/seance_pleniere/proces_verbal/2018/01-15/pv_provisoire/P8_PV-PROV(2018)01-15(LP)_FR,pdf|xml|docx
2017-12-14,LP,prov,P8_PV-PROV(2017)12-14(LP),Procès-verbal provisoire  - Liste de présence,http://www.europarl.europa.eu/RegData/seance_pleniere/proces_verbal/2017/12-14/pv_provisoire/P8_PV-PROV(2017)12-14(LP)_FR,pdf|xml|docx
2017-12-13,LP,prov,P8_PV-PROV(2017)12-13(LP),Procès-verbal provisoire  - Liste de présence,http://www.europarl.europa.eu/RegData/seance_pleniere/proces_verbal/2017/12-13/pv_provisoire/P8_PV-PROV(2017)12-13(LP)_FR,pdf|xml|docx
2017-12-12,LP,prov,P8_PV-PROV(2017)12-12(LP),Procès-verbal provisoire  - Liste de présence,http://www.europarl.europa.eu/RegData/seance_pleniere/proces_verbal/2017/12-12/pv_provisoire/P8_PV-PROV(2017)12-12(LP)_FR,pdf|xml|docx
2017-12-11,LP,prov,P8_PV-PROV(2017)12-11(LP),Procès-verbal - Attendance List,http://www.europarl.europa.eu/RegData/seance_pleniere/proces_verbal/2017/12-11/pv_provisoire/P8_PV-PROV(2017)12-11(LP)_FR,pdf|xml|docx
2017-11-30,LP,prov,P8_PV-PROV(2017)11-30(LP),Procès-verbal provisoire  - Liste de présence,http://www.europarl.europa.eu/RegData/seance_pleniere/proces_verbal/2017/11-30/pv_provisoire/P8_PV-PROV(2017)11-30(LP)_FR,pdf|xml|docx
2017-11-29,LP,prov,P8_PV-PROV(2017)11-29(LP),Procès-verbal provisoire  - Liste de présence,http://www.europarl.europa.eu/RegData/seance_pleniere/proces_verbal/2017/11-29/pv_provisoire/P8_PV-PROV(2017)11-29(LP)_FR,pdf|xml|docx
2017-11-16,LP,prov,P8_PV-PROV(2017)11-16(LP),Procès-verbal provisoire  - Liste de présence,http://www.europarl.europa.eu/RegData/seance_pleniere/proces_verbal/2017/11-16/pv_provisoire/P8_PV-PROV(2017)11-16(LP)_FR,pdf|xml|docx
2017-11-15,LP,prov,P8_PV-PROV(2017)11-15(LP),Procès-verbal provisoire  - Liste de présence,http://www.europarl.europa.eu/RegData/seance_pleniere/proces_verbal/2017/11-15/pv_provisoire/P8_PV-PROV(2017)11-15(LP)_FR,pdf|xml|docx
2017-11-14,LP,prov,P8_PV-PROV(2017)11-14(LP),Procès-verbal provisoire  - Liste de présence,http://www.europarl.europa.eu/RegData/seance_pleniere/proces_verbal/2017/11-14/pv_provisoire/P8_PV-PROV(2017)11-14(LP)_FR,pdf|xml|docx
2017-11-13,LP,prov,P8_PV-PROV(2017)11-13(LP),Procès-verbal provisoire  - Liste de présence,http://www.europarl.europa.eu/RegData/seance_pleniere/proces_verbal/2017/11-13/pv_provisoire/P8_PV-PROV(2017)11-13(LP)_FR,pdf|xml|docx
2017-10-26,LP,prov,P8_PV-PROV(2017)10-26(LP),Procès-verbal provisoire  - Liste de présence,http://www.europarl.europa.eu/RegData/seance_pleniere/proces_verbal/2017/10-26/pv_provisoire/P8_PV-PROV(2017)10-26(LP)_FR,pdf|xml|docx
2017-10-25,LP,prov,P8_PV-PROV(2017)10-25(LP),Procès-verbal provisoire  - Liste de présence,http://www.europarl.europa.eu/RegData/seance_pleniere/proces_verbal/2017/10-25/pv_provisoire/P8_PV-PROV(2017)10-25(LP)_FR,pdf|xml|docx
2017-10-24,LP,prov,P8_PV-PROV(2017)10-24(LP),Procès-verbal provisoire  - Liste de présence,http://www.europarl.europa.eu/RegData/seance_pleniere/proces_verbal/2017/10-24/pv_provisoire/P8_PV-PROV(2017)10-24(LP)_FR,pdf|xml|docx
2017-10-23,LP,prov,P8_PV-PROV(2017)10-23(LP),Procès-verbal provisoire  - Liste de présence,http://www.europarl.europa.eu/RegData/seance_pleniere/proces_verbal/2017/10-23/pv_provisoire/P8_PV-PROV(2017)10-23(LP)_FR,pdf|xml|docx
2017-10-05,LP,prov,P8_PV-PROV(2017)10-05(LP),Procès-verbal provisoire  - Liste de présence,http://www.europarl.europa.eu/RegData/seance_pleniere/proces_verbal/2017/10-05/pv_provisoire/P8_PV-PROV(2017)10-05(LP)_FR,pdf|xml|docx
2017-10-04,LP,prov,P8_PV-PROV(2017)10-04(LP),Procès-verbal provisoire  - Liste de présence,http://www.europarl.europa.eu/RegData/seance_pleniere/proces_verbal/2017/10-04/pv_provisoire/P8_PV-PROV(2017)10-04(LP)_FR,pdf|xml|docx
2017-10-03,LP,prov,P8_PV-PROV(2017)10-03(LP),Procès-verbal provisoire  - Liste de présence,http://www.europarl.europa.eu/RegData/seance_pleniere/proces_verbal/2017/10-03/pv_provisoire/P8_PV-PROV(2017)10-03(LP)_FR,pdf|xml|docx
2017-10-02,LP,prov,P8_PV-PROV(2017)10-02(LP),Procès-verbal provisoire  - Liste de présence,http://www.europarl.europa.eu/RegData/seance_pleniere/proces_verbal/2017/10-02/pv_provisoire/P8_PV-PROV(2017)10-02(LP)_FR,pdf|xml|docx
2017-09-14,LP,prov,P8_PV-PROV(2017)09-14(LP),Procès-verbal provisoire  - Liste de présence,http://www.europarl.europa.eu/RegData/seance_pleniere/proces_verbal/2017/09-14/pv_provisoire/P8_PV-PROV(2017)09-14(LP)_FR,pdf|xml|docx
2017-09-13,LP,prov,P8_PV-PROV(2017)09-13(LP),Procès-verbal provisoire  - Liste de présence,http://www.europarl.europa.eu/RegData/seance_pleniere/proces_verbal/2017/09-13/pv_provisoire/P8_PV-PROV(2017)09-13(LP)_FR,pdf|xml|docx
2017-09-12,LP,prov,P8_PV-PROV(2017)09-12(LP),Procès-verbal provisoire  - Liste de présence,http://www.europarl.europa.eu/RegData/seance_pleniere/proces_verbal/2017/09-12/pv_provisoire/P8_PV-PROV(2017)09-12(LP)_FR,pdf|xml|docx
2017-09-11,LP,prov,P8_PV-PROV(2017)09-11(LP),Procès-verbal provisoire  - Liste de présence,http://www.europarl.europa.eu/RegData/seance_pleniere/proces_verbal/2017/09-11/pv_provisoire/P8_PV-PROV(2017)09-11(LP)_FR,pdf|xml|docx
2017-07-06,LP,prov,P8_PV-PROV(2017)07-06(LP),Procès-verbal provisoire  - Liste de présence,http://www.europarl.europa.eu/RegData/seance_pleniere/proces_verbal/2017/07-06/pv_provisoire/P8_PV-PROV(2017)07-06(LP)_FR,pdf|xml|docx
2017-07-05,LP,prov,P8_PV-PROV(2017)07-05(LP),Procès-verbal provisoire  - Liste de présence,http://www.europarl.europa.eu/RegData/seance_pleniere/proces_verbal/2017/07-05/pv_provisoire/P8_PV-PROV(2017)07-05(LP)_FR,pdf|xml|docx
2017-07-04,LP,prov,P8_PV-PROV(2017)07-04(LP),Procès-verbal provisoire  - Liste de présence,http://www.europarl.europa.eu/RegData/seance_pleniere/proces_verbal/2017/07-04/pv_provisoire/P8_PV-PROV(2017)07-04(LP)_FR,pdf|xml|docx
2017-07-03,LP,prov,P8_PV-PROV(2017)07-03(LP),Procès-verbal provisoire  - Liste de présence,http://www.europarl.europa.eu/RegData/seance_pleniere/proces_verbal/2017/07-03/pv_provisoire/P8_PV-PROV(2017)07-03(LP)_FR,pdf|xml|docx
2017-06-15,LP,prov,P8_PV-PROV(2017)06-15(LP),Procès-verbal provisoire  - Liste de présence,http://www.europarl.europa.eu/RegData/seance_pleniere/proces_verbal/2017/06-15/pv_provisoire/P8_PV-PROV(2017)06-15(LP)_FR,pdf|xml|docx
2017-06-14,LP,prov,P8_PV-PROV(2017)06-14(LP),Procès-verbal provisoire  - Liste de présence,http://www.europarl.europa.eu/RegData/seance_pleniere/proces_verbal/2017/06-14/pv_provisoire/P8_PV-PROV(2017)06-14(LP)_FR,pdf|xml|docx
2017-06-13,LP,prov,P8_PV-PROV(2017)06-13(LP),Procès-verbal provisoire  - Liste de présence,http://www.europarl.europa.eu/RegData/seance_pleniere/proces_verbal/2017/06-13/pv_provisoire/P8_PV-PROV(2017)06-13(LP)_FR,pdf|xml|docx
2017-06-12,LP,prov,P8_PV-PROV(2017)06-12(LP),Procès-verbal provisoire  - Liste de présence,http://www.europarl.europa.eu/RegData/seance_pleniere/proces_verbal/2017/06-12/pv_provisoire/P8_PV-PROV(2017)06-12(LP)_FR,pdf|xml|docx
2017-06-01,LP,prov,P8_PV-PROV(2017)06-01(LP),Procès-verbal provisoire  - Liste de présence,http://www.europarl.europa.eu/RegData/seance_pleniere/proces_verbal/2017/06-01/pv_provisoire/P8_PV-PROV(2017)06-01(LP)_FR,pdf|xml|docx
2017-05-31,LP,prov,P8_PV-PROV(2017)05-31(LP),Procès-verbal provisoire  - Liste de présence,http://www.europarl.europa.eu/RegData/seance_pleniere/proces_verbal/2017/05-31/pv_provisoire/P8_PV-PROV(2017)05-31(LP)_FR,pdf|xml|docx
2017-05-18,LP,prov,P8_PV-PROV(2017)05-18(LP),Procès-verbal provisoire  - Liste de présence,http://www.europarl.europa.eu/RegData/seance_pleniere/proces_verbal/2017/05-18/pv_provisoire/P8_PV-PROV(2017)05-18(LP)_FR,pdf|xml|docx
2017-05-17,LP,prov,P8_PV-PROV(2017)05-17(LP),Procès-verbal provisoire  - Liste de présence,http://www.europarl.europa.eu/RegData/seance_pleniere/proces_verbal/2017/05-17/pv_provisoire/P8_PV-PROV(2017)05-17(LP)_FR,pdf|xml|docx
2017-05-16,LP,prov,P8_PV-PROV(2017)05-16(LP),Procès-verbal provisoire  - Liste de présence,http://www.europarl.europa.eu/RegData/seance_pleniere/proces_verbal/2017/05-16/pv_provisoire/P8_PV-PROV(2017)05-16(LP)_FR,pdf|xml|docx
2017-05-15,LP,prov,P8_PV-PROV(2017)05-15(LP),Procès-verbal provisoire  - Liste de présence,http://www.europarl.europa.eu/RegData/seance_pleniere/proces_verbal/2017/05-15/pv_provisoire/P8_PV-PROV(2017)05-15(LP)_FR,pdf|xml|docx
2017-04-27,LP,prov,P8_PV-PROV(2017)04-27(LP),Procès-verbal provisoire  - Liste de présence,http://www.europarl.europa.eu/RegData/seance_pleniere/proces_verbal/2017/04-27/pv_provisoire/P8_PV-PROV(2017)04-27(LP)_FR,pdf|xml|docx
2017-04-26,LP,prov,P8_PV-PROV(2017)04-26(LP),Procès-verbal provisoire  - Liste de présence,http://www.europarl.europa.eu/RegData/seance_pleniere/proces_verbal/2017/04-26/pv_provisoire/P8_PV-PROV(2017)04-26(LP)_FR,pdf|xml|docx
2017-04-06,LP,prov,P8_PV-PROV(2017)04-06(LP),Procès-verbal provisoire  - Liste de présence,http://www.europarl.europa.eu/RegData/seance_pleniere/proces_verbal/2017/04-06/pv_provisoire/P8_PV-PROV(2017)04-06(LP)_FR,pdf|xml|docx
2017-04-05,LP,prov,P8_PV-PROV(2017)04-05(LP),Procès-verbal provisoire  - Liste de présence,http://www.europarl.europa.eu/RegData/seance_pleniere/proces_verbal/2017/04-05/pv_provisoire/P8_PV-PROV(2017)04-05(LP)_FR,pdf|xml|docx
2017-04-04,LP,prov,P8_PV-PROV(2017)04-04(LP),Procès-verbal provisoire  - Liste de présence,http://www.europarl.europa.eu/RegData/seance_pleniere/proces_verbal/2017/04-04/pv_provisoire/P8_PV-PROV(2017)04-04(LP)_FR,pdf|xml|docx
2017-04-03,LP,prov,P8_PV-PROV(2017)04-03(LP),Procès-verbal provisoire  - Liste de présence,http://www.europarl.europa.eu/RegData/seance_pleniere/proces_verbal/2017/04-03/pv_provisoire/P8_PV-PROV(2017)04-03(LP)_FR,pdf|xml|docx
2017-03-16,LP,prov,P8_PV-PROV(2017)03-16(LP),Procès-verbal provisoire  - Liste de présence,http://www.europarl.europa.eu/RegData/seance_pleniere/proces_verbal/2017/03-16/pv_provisoire/P8_PV-PROV(2017)03-16(LP)_FR,pdf|xml|docx
2017-03-15,LP,prov,P8_PV-PROV(2017)03-15(LP),Procès-verbal provisoire  - Liste de présence,http://www.europarl.europa.eu/RegData/seance_pleniere/proces_verbal/2017/03-15/pv_provisoire/P8_PV-PROV(2017)03-15(LP)_FR,pdf|xml|docx
2017-03-14,LP,prov,P8_PV-PROV(2017)03-14(LP),Procès-verbal provisoire  - Liste de présence,http://www.europarl.europa.eu/RegData/seance_pleniere/proces_verbal/2017/03-14/pv_provisoire/P8_PV-PROV(2017)03-14(LP)_FR,pdf|xml|docx
2017-03-13,LP,prov,P8_PV-PROV(2017)03-13(LP),Procès-verbal provisoire  - Liste de présence,http://www.europarl.europa.eu/RegData/seance_pleniere/proces_verbal/2017/03-13/pv_provisoire/P8_PV-PROV(2017)03-13(LP)_FR,pdf|xml|docx
2017-03-02,LP,prov,P8_PV-PROV(2017)03-02(LP),Procès-verbal provisoire  - Liste de présence,http://www.europarl.europa.eu/RegData/seance_pleniere/proces_verbal/2017/03-02/pv_provisoire/P8_PV-PROV(2017)03-02(LP)_FR,pdf|xml|docx
2017-03-01,LP,prov,P8_PV-PROV(2017)03-01(LP),Procès-verbal provisoire  - Liste de présence,http://www.europarl.europa.eu/RegData/seance_pleniere/proces_verbal/2017/03-01/pv_provisoire/P8_PV-PROV(2017)03-01(LP)_FR,pdf|xml|docx
2017-02-16,LP,prov,P8_PV-PROV(2017)02-16(LP),Procès-verbal provisoire  - Liste de présence,http://www.europarl.europa.eu/RegData/seance_pleniere/proces_verbal/2017/02-16/pv_provisoire/P8_PV-PROV(2017)02-16(LP)_FR,pdf|xml|docx
2017-02-15,LP,prov,P8_PV-PROV(2017)02-15(LP),Procès-verbal provisoire  - Liste de présence,http://www.europarl.europa.eu/RegData/seance_pleniere/proces_verbal/2017/02-15/pv_provisoire/P8_PV-PROV(2017)02-15(LP)_FR,pdf|xml|docx
2017-02-14,LP,prov,P8_PV-PROV(2017)02-14(LP),Procès-verbal provisoire  - Liste de présence,http://www.europarl.europa.eu/RegData/seance_pleniere/proces_verbal/2017/02-14/pv_provisoire/P8_PV-PROV(2017)02-14(LP)_FR,pdf|xml|docx
2017-02-13,LP,prov,P8_PV-PROV(2017)02-13(LP),Procès-verbal provisoire  - Liste de présence,http://www.europarl.europa.eu/RegData/seance_pleniere/proces_verbal/2017/02-13/pv_provisoire/P8_PV-PROV(2017)02-13(LP)_FR,pdf|xml|docx
2017-02-02,LP,prov,P8_PV-PROV(2017)02-02(LP),Procès-verbal provisoire  - Liste de présence,http://www.europarl.europa.eu/RegData/seance_pleniere/proces_verbal/2017/02-02/pv_provisoire/P8_PV-PROV(2017)02-02(LP)_FR,pdf|xml|docx
2017-02-01,LP,prov,P8_PV-PROV(2017)02-01(LP),Procès-verbal provisoire  - Liste de présence,http://www.europarl.europa.eu/RegData/seance_pleniere/proces_verbal/2017/02-01/pv_provisoire/P8_PV-PROV(2017)02-01(LP)_FR,pdf|xml|docx
2017-01-19,LP,prov,P8_PV-PROV(2017)01-19(LP),Procès-verbal provisoire  - Liste de présence,http://www.europarl.europa.eu/RegData/seance_pleniere/proces_verbal/2017/01-19/pv_provisoire/P8_PV-PROV(2017)01-19(LP)_FR,pdf|xml|docx
2017-01-18,LP,prov,P8_PV-PROV(2017)01-18(LP),Procès-verbal provisoire  - Liste de présence,http://www.europarl.europa.eu/RegData/seance_pleniere/proces_verbal/2017/01-18/pv_provisoire/P8_PV-PROV(2017)01-18(LP)_FR,pdf|xml|docx
2017-01-17,LP,prov,P8_PV-PROV(2017)01-17(LP),Procès-verbal provisoire  - Liste de présence,http://www.europarl.europa.eu/RegData/seance_pleniere/proces_verbal/2017/01-17/pv_provisoire/P8_PV-PROV(2017)01-17(LP)_FR,pdf|xml|docx
2017-01-16,LP,prov,P8_PV-PROV(2017)01-16(LP),Procès-verbal provisoire  - Liste de présence,http://www.europarl.europa.eu/RegData/seance_pleniere/proces_verbal/2017/01-16/pv_provisoire/P8_PV-PROV(2017)01-16(LP)_FR,pdf|xml|docx
2016-12-15,LP,prov,P8_PV-PROV(2016)12-15(LP),Procès-verbal provisoire  - Liste de présence,http://www.europarl.europa.eu/RegData/seance_pleniere/proces_verbal/2016/12-15/pv_provisoire/P8_PV-PROV(2016)12-15(LP)_FR,pdf|xml|docx
2016-12-14,LP,prov,P8_PV-PROV(2016)12-14(LP),Procès-verbal provisoire  - Liste de présence,http://www.europarl.europa.eu/RegData/seance_pleniere/proces_verbal/2016/12-14/pv_provisoire/P8_PV-PROV(2016)12-14(LP)_FR,pdf|xml|docx
2016-12-13,LP,prov,P8_PV-PROV(2016)12-13(LP),Procès-verbal provisoire  - Liste de présence,http://www.europarl.europa.eu/RegData/seance_pleniere/proces_verbal/2016/12-13/pv_provisoire/P8_PV-PROV(2016)12-13(LP)_FR,pdf|xml|docx
2016-12-12,LP,prov,P8_PV-PROV(2016)12-12(LP),Procès-verbal provisoire  - Liste de présence,http://www.europarl.europa.eu/RegData/seance_pleniere/proces_verbal/2016/12-12/pv_provisoire/P8_PV-PROV(2016)12-12(LP)_FR,pdf|xml|docx
2016-12-01,LP,prov,P8_PV-PROV(2016)12-01(LP),Procès-verbal provisoire  - Liste de présence,http://www.europarl.europa.eu/RegData/seance_pleniere/proces_verbal/2016/12-01/pv_provisoire/P8_PV-PROV(2016)12-01(LP)_FR,pdf|xml|docx
2016-11-30,LP,prov,P8_PV-PROV(2016)11-30(LP),Procès-verbal provisoire  - Liste de présence,http://www.europarl.europa.eu/RegData/seance_pleniere/proces_verbal/2016/11-30/pv_provisoire/P8_PV-PROV(2016)11-30(LP)_FR,pdf|xml|docx
2016-11-24,LP,prov,P8_PV-PROV(2016)11-24(LP),Procès-verbal provisoire  - Liste de présence,http://www.europarl.europa.eu/RegData/seance_pleniere/proces_verbal/2016/11-24/pv_provisoire/P8_PV-PROV(2016)11-24(LP)_FR,pdf|xml|docx
2016-11-23,LP,prov,P8_PV-PROV(2016)11-23(LP),Procès-verbal provisoire  - Liste de présence,http://www.europarl.europa.eu/RegData/seance_pleniere/proces_verbal/2016/11-23/pv_provisoire/P8_PV-PROV(2016)11-23(LP)_FR,pdf|xml|docx
2016-11-22,LP,prov,P8_PV-PROV(2016)11-22(LP),Procès-verbal provisoire  - Liste de présence,http://www.europarl.europa.eu/RegData/seance_pleniere/proces_verbal/2016/11-22/pv_provisoire/P8_PV-PROV(2016)11-22(LP)_FR,pdf|xml|docx
2016-11-21,LP,prov,P8_PV-PROV(2016)11-21(LP),Procès-verbal provisoire  - Liste de présence,http://www.europarl.europa.eu/RegData/seance_pleniere/proces_verbal/2016/11-21/pv_provisoire/P8_PV-PROV(2016)11-21(LP)_FR,pdf|xml|docx
2016-10-27,LP,prov,P8_PV-PROV(2016)10-27(LP),Procès-verbal provisoire  - Liste de présence,http://www.europarl.europa.eu/RegData/seance_pleniere/proces_verbal/2016/10-27/pv_provisoire/P8_PV-PROV(2016)10-27(LP)_FR,pdf|xml|docx
2016-10-26,LP,prov,P8_PV-PROV(2016)10-26(LP),Procès-verbal provisoire  - Liste de présence,http://www.europarl.europa.eu/RegData/seance_pleniere/proces_verbal/2016/10-26/pv_provisoire/P8_PV-PROV(2016)10-26(LP)_FR,pdf|xml
2016-10-25,LP,prov,P8_PV-PROV(2016)10-25(LP),Procès-verbal provisoire  - Liste de présence,http://www.europarl.europa.eu/RegData/seance_pleniere/proces_verbal/2016/10-25/pv_provisoire/P8_PV-PROV(2016)10-25(LP)_FR,pdf|xml|docx
2016-10-24,LP,prov,P8_PV-PROV(2016)10-24(LP),Procès-verbal provisoire  - Liste de présence,http://www.europarl.europa.eu/RegData/seance_pleniere/proces_verbal/2016/10-24/pv_provisoire/P8_PV-PROV(2016)10-24(LP)_FR,pdf|xml|docx
2016-10-06,LP,prov,P8_PV-PROV(2016)10-06(LP),Procès-verbal provisoire  - Liste de présence,http://www.europarl.europa.eu/RegData/seance_pleniere/proces_verbal/2016/10-06/pv_provisoire/P8_PV-PROV(2016)10-06(LP)_FR,pdf|xml|docx
2016-10-05,LP,prov,P8_PV-PROV(2016)10-05(LP),Procès-verbal provisoire  - Liste de présence,http://www.europarl.europa.eu/RegData/seance_pleniere/proces_verbal/2016/10-05/pv_provisoire/P8_PV-PROV(2016)10-05(LP)_FR,pdf|xml|docx
2016-10-04,LP,prov,P8_PV-PROV(2016)10-04(LP),Procès-verbal provisoire  - Liste de présence,http://www.europarl.europa.eu/RegData/seance_pleniere/proces_verbal/2016/10-04/pv_provisoire/P8_PV-PROV(2016)10-04(LP)_FR,pdf|xml|docx
2016-10-03,LP,prov,P8_PV-PROV(2016)10-03(LP),Procès-verbal provisoire  - Liste de présence,http://www.europarl.europa.eu/RegData/seance_pleniere/proces_verbal/2016/10-03/pv_provisoire/P8_PV-PROV(2016)10-03(LP)_FR,pdf|xml|docx
2016-09-15,LP,prov,P8_PV-PROV(2016)09-15(LP),Procès-verbal provisoire  - Liste de présence,http://www.europarl.europa.eu/RegData/seance_pleniere/proces_verbal/2016/09-15/pv_provisoire/P8_PV-PROV(2016)09-15(LP)_FR,pdf|xml|docx
2016-09-14,LP,prov,P8_PV-PROV(2016)09-14(LP),Procès-verbal provisoire  - Liste de présence,http://www.europarl.europa.eu/RegData/seance_pleniere/proces_verbal/2016/09-14/pv_provisoire/P8_PV-PROV(2016)09-14(LP)_FR,pdf|xml|docx
2016-09-13,LP,prov,P8_PV-PROV(2016)09-13(LP),Procès-verbal provisoire  - Liste de présence,http://www.europarl.europa.eu/RegData/seance_pleniere/proces_verbal/2016/09-13/pv_provisoire/P8_PV-PROV(2016)09-13(LP)_FR,pdf|xml|docx
2016-09-12,LP,prov,P8_PV-PROV(2016)09-12(LP),Procès-verbal provisoire  - Liste de présence,http://www.europarl.europa.eu/RegData/seance_pleniere/proces_verbal/2016/09-12/pv_provisoire/P8_PV-PROV(2016)09-12(LP)_FR,pdf|xml|docx
2016-07-07,LP,prov,P8_PV-PROV(2016)07-07(LP),Procès-verbal provisoire  - Liste de présence,http://www.europarl.europa.eu/RegData/seance_pleniere/proces_verbal/2016/07-07/pv_provisoire/P8_PV-PROV(2016)07-07(LP)_FR,pdf|xml
2016-07-06,LP,prov,P8_PV-PROV(2016)07-06(LP),Procès-verbal provisoire  - Liste de présence,http://www.europarl.europa.eu/RegData/seance_pleniere/proces_verbal/2016/07-06/pv_provisoire/P8_PV-PROV(2016)07-06(LP)_FR,pdf|xml
2016-07-05,LP,prov,P8_PV-PROV(2016)07-05(LP),Procès-verbal provisoire  - Liste de présence,http://www.europarl.europa.eu/RegData/seance_pleniere/proces_verbal/2016/07-05/pv_provisoire/P8_PV-PROV(2016)07-05(LP)_FR,pdf|xml
2016-07-04,LP,prov,P8_PV-PROV(2016)07-04(LP),Procès-verbal provisoire  - Liste de présence,http://www.europarl.europa.eu/RegData/seance_pleniere/proces_verbal/2016/07-04/pv_provisoire/P8_PV-PROV(2016)07-04(LP)_FR,pdf|xml
2016-06-28,LP,prov,P8_PV-PROV(2016)06-28(LP),Procès-verbal provisoire  - Liste de présence,http://www.europarl.europa.eu/RegData/seance_pleniere/proces_verbal/2016/06-28/pv_provisoire/P8_PV-PROV(2016)06-28(LP)_FR,pdf|xml
2016-06-23,LP,prov,P8_PV-PROV(2016)06-23(LP),Procès-verbal provisoire  - Liste de présence,http://www.europarl.europa.eu/RegData/seance_pleniere/proces_verbal/2016/06-23/pv_provisoire/P8_PV-PROV(2016)06-23(LP)_FR,pdf|xml
2016-06-22,LP,prov,P8_PV-PROV(2016)06-22(LP),Procès-verbal provisoire  - Liste de présence,http://www.europarl.europa.eu/RegData/seance_pleniere/proces_verbal/2016/06-22/pv_provisoire/P8_PV-PROV(2016)06-22(LP)_FR,pdf|xml
2016-06-09,LP,prov,P8_PV-PROV(2016)06-09(LP),Procès-verbal provisoire  - Liste de présence,http://www.europarl.europa.eu/RegData/seance_pleniere/proces_verbal/2016/06-09/pv_provisoire/P8_PV-PROV(2016)06-09(LP)_FR,pdf|xml
2016-06-08,LP,prov,P8_PV-PROV(2016)06-08(LP),Procès-verbal provisoire  - Liste de présence,http://www.europarl.europa.eu/RegData/seance_pleniere/proces_verbal/2016/06-08/pv_provisoire/P8_PV-PROV(2016)06-08(LP)_FR,pdf|xml
2016-06-07,LP,prov,P8_PV-PROV(2016)06-07(LP),Procès-verbal provisoire  - Liste de présence,http://www.europarl.europa.eu/RegData/seance_pleniere/proces_verbal/2016/06-07/pv_provisoire/P8_PV-PROV(2016)06-07(LP)_FR,pdf|xml
2016-06-06,LP,prov,P8_PV-PROV(2016)06-06(LP),Procès-verbal provisoire  - Liste de présence,http://www.europarl.europa.eu/RegData/seance_pleniere/proces_verbal/2016/06-06/pv_provisoire/P8_PV-PROV(2016)06-06(LP)_FR,pdf|xml
2016-05-26,LP,prov,P8_PV-PROV(2016)05-26(LP),Procès-verbal provisoire  - Liste de présence,http://www.europarl.europa.eu/RegData/seance_pleniere/proces_verbal/2016/05-26/pv_provisoire/P8_PV-PROV(2016)05-26(LP)_FR,pdf|xml
2016-05-25,LP,prov,P8_PV-PROV(2016)05-25(LP),Procès-verbal provisoire  - Liste de présence,http://www.europarl.europa.eu/RegData/seance_pleniere/proces_verbal/2016/05-25/pv_provisoire/P8_PV-PROV(2016)05-25(LP)_FR,pdf|xml
2016-05-12,LP,prov,P8_PV-PROV(2016)05-12(LP),Procès-verbal provisoire  - Liste de présence,http://www.europarl.europa.eu/RegData/seance_pleniere/proces_verbal/2016/05-12/pv_provisoire/P8_PV-PROV(2016)05-12(LP)_FR,pdf|xml
2016-05-11,LP,prov,P8_PV-PROV(2016)05-11(LP),Procès-verbal provisoire  - Liste de présence,http://www.europarl.europa.eu/RegData/seance_pleniere/proces_verbal/2016/05-11/pv_provisoire/P8_PV-PROV(2016)05-11(LP)_FR,pdf|xml
2016-05-10,LP,prov,P8_PV-PROV(2016)05-10(LP),Procès-verbal provisoire  - Liste de présence,http://www.europarl.europa.eu/RegData/seance_pleniere/proces_verbal/2016/05-10/pv_provisoire/P8_PV-PROV(2016)05-10(LP)_FR,pdf|xml
2016-05-09,LP,prov,P8_PV-PROV(2016)05-09(LP),Procès-verbal provisoire  - Liste de présence,http://www.europarl.europa.eu/RegData/seance_pleniere/proces_verbal/2016/05-09/pv_provisoire/P8_PV-PROV(2016)05-09(LP)_FR,pdf|xml
2016-04-28,LP,prov,P8_PV-PROV(2016)04-28(LP),Procès-verbal provisoire  - Liste de présence,http://www.europarl.europa.eu/RegData/seance_pleniere/proces_verbal/2016/04-28/pv_provisoire/P8_PV-PROV(2016)04-28(LP)_FR,pdf|xml
2016-04-27,LP,prov,P8_PV-PROV(2016)04-27(LP),Procès-verbal provisoire  - Liste de présence,http://www.europarl.europa.eu/RegData/seance_pleniere/proces_verbal/2016/04-27/pv_provisoire/P8_PV-PROV(2016)04-27(LP)_FR,pdf|xml
2016-04-14,LP,prov,P8_PV-PROV(2016)04-14(LP),Procès-verbal provisoire  - Liste de présence,http://www.europarl.europa.eu/RegData/seance_pleniere/proces_verbal/2016/04-14/pv_provisoire/P8_PV-PROV(2016)04-14(LP)_FR,pdf|xml
2016-04-13,LP,prov,P8_PV-PROV(2016)04-13(LP),Procès-verbal provisoire  - Liste de présence,http://www.europarl.europa.eu/RegData/seance_pleniere/proces_verbal/2016/04-13/pv_provisoire/P8_PV-PROV(2016)04-13(LP)_FR,pdf|xml
2016-04-12,LP,prov,P8_PV-PROV(2016)04-12(LP),Procès-verbal provisoire  - Liste de présence,http://www.europarl.europa.eu/RegData/seance_pleniere/proces_verbal/2016/04-12/pv_provisoire/P8_PV-PROV(2016)04-12(LP)_FR,pdf|xml
2016-04-11,LP,prov,P8_PV-PROV(2016)04-11(LP),Procès-verbal provisoire  - Liste de présence,http://www.europarl.europa.eu/RegData/seance_pleniere/proces_verbal/2016/04-11/pv_provisoire/P8_PV-PROV(2016)04-11(LP)_FR,pdf|xml
2016-03-10,LP,prov,P8_PV-PROV(2016)03-10(LP),Procès-verbal provisoire  - Liste de présence,http://www.europarl.europa.eu/RegData/seance_pleniere/proces_verbal/2016/03-10/pv_provisoire/P8_PV-PROV(2016)03-10(LP)_FR,pdf|xml
2016-03-09,LP,prov,P8_PV-PROV(2016)03-09(LP),Procès-verbal provisoire  - Liste de présence,http://www.europarl.europa.eu/RegData/seance_pleniere/proces_verbal/2016/03-09/pv_provisoire/P8_PV-PROV(2016)03-09(LP)_FR,pdf|xml
2016-03-08,LP,prov,P8_PV-PROV(2016)03-08(LP),Procès-verbal provisoire  - Liste de présence,http://www.europarl.europa.eu/RegData/seance_pleniere/proces_verbal/2016/03-08/pv_provisoire/P8_PV-PROV(2016)03-08(LP)_FR,pdf|xml
2016-03-07,LP,prov,P8_PV-PROV(2016)03-07(LP),Procès-verbal provisoire  - Liste de présence,http://www.europarl.europa.eu/RegData/seance_pleniere/proces_verbal/2016/03-07/pv_provisoire/P8_PV-PROV(2016)03-07(LP)_FR,pdf|xml
2016-02-25,LP,prov,P8_PV-PROV(2016)02-25(LP),Procès-verbal provisoire  - Liste de présence,http://www.europarl.europa.eu/RegData/seance_pleniere/proces_verbal/2016/02-25/pv_provisoire/P8_PV-PROV(2016)02-25(LP)_FR,pdf|xml
2016-02-24,LP,prov,P8_PV-PROV(2016)02-24(LP),Procès-verbal provisoire  - Liste de présence,http://www.europarl.europa.eu/RegData/seance_pleniere/proces_verbal/2016/02-24/pv_provisoire/P8_PV-PROV(2016)02-24(LP)_FR,pdf|xml
2016-02-04,LP,prov,P8_PV-PROV(2016)02-04(LP),Procès-verbal provisoire  - Liste de présence,http://www.europarl.europa.eu/RegData/seance_pleniere/proces_verbal/2016/02-04/pv_provisoire/P8_PV-PROV(2016)02-04(LP)_FR,pdf|xml
2016-02-03,LP,prov,P8_PV-PROV(2016)02-03(LP),Procès-verbal provisoire  - Liste de présence,http://www.europarl.europa.eu/RegData/seance_pleniere/proces_verbal/2016/02-03/pv_provisoire/P8_PV-PROV(2016)02-03(LP)_FR,pdf|xml
2016-02-02,LP,prov,P8_PV-PROV(2016)02-02(LP),Procès-verbal provisoire  - Liste de présence,http://www.europarl.europa.eu/RegData/seance_pleniere/proces_verbal/2016/02-02/pv_provisoire/P8_PV-PROV(2016)02-02(LP)_FR,pdf|xml
2016-02-01,LP,prov,P8_PV-PROV(2016)02-01(LP),Procès-verbal provisoire  - Liste de présence,http://www.europarl.europa.eu/RegData/seance_pleniere/proces_verbal/2016/02-01/pv_provisoire/P8_PV-PROV(2016)02-01(LP)_FR,pdf|xml
2016-01-21,LP,prov,P8_PV-PROV(2016)01-21(LP),Procès-verbal provisoire  - Liste de présence,http://www.europarl.europa.eu/RegData/seance_pleniere/proces_verbal/2016/01-21/pv_provisoire/P8_PV-PROV(2016)01-21(LP)_FR,pdf|xml
2016-01-20,LP,prov,P8_PV-PROV(2016)01-20(LP),Procès-verbal provisoire  - Liste de présence,http://www.europarl.europa.eu/RegData/seance_pleniere/proces_verbal/2016/01-20/pv_provisoire/P8_PV-PROV(2016)01-20(LP)_FR,pdf|xml
2016-01-19,LP,prov,P8_PV-PROV(2016)01-19(LP),Procès-verbal provisoire  - Liste de présence,http://www.europarl.europa.eu/RegData/seance_pleniere/proces_verbal/2016/01-19/pv_provisoire/P8_PV-PROV(2016)01-19(LP)_FR,pdf|xml
2016-01-18,LP,prov,P8_PV-PROV(2016)01-18(LP),Procès-verbal provisoire  - Liste de présence,http://www.europarl.europa.eu/RegData/seance_pleniere/proces_verbal/2016/01-18/pv_provisoire/P8_PV-PROV(2016)01-18(LP)_FR,pdf|xml
2015-12-17,LP,prov,P8_PV-PROV(2015)12-17(LP),Procès-verbal provisoire  - Liste de présence,http://www.europarl.europa.eu/RegData/seance_pleniere/proces_verbal/2015/12-17/pv_provisoire/P8_PV-PROV(2015)12-17(LP)_FR,pdf|xml
2015-12-16,LP,prov,P8_PV-PROV(2015)12-16(LP),Procès-verbal provisoire  - Liste de présence,http://www.europarl.europa.eu/RegData/seance_pleniere/proces_verbal/2015/12-16/pv_provisoire/P8_PV-PROV(2015)12-16(LP)_FR,pdf|xml
2015-12-15,LP,prov,P8_PV-PROV(2015)12-15(LP),Procès-verbal provisoire  - Liste de présence,http://www.europarl.europa.eu/RegData/seance_pleniere/proces_verbal/2015/12-15/pv_provisoire/P8_PV-PROV(2015)12-15(LP)_FR,pdf|xml
2015-12-14,LP,prov,P8_PV-PROV(2015)12-14(LP),Procès-verbal provisoire  - Liste de présence,http://www.europarl.europa.eu/RegData/seance_pleniere/proces_verbal/2015/12-14/pv_provisoire/P8_PV-PROV(2015)12-14(LP)_FR,pdf|xml
2015-12-02,LP,prov,P8_PV-PROV(2015)12-02(LP),Procès-verbal provisoire  - Liste de présence,http://www.europarl.europa.eu/RegData/seance_pleniere/proces_verbal/2015/12-02/pv_provisoire/P8_PV-PROV(2015)12-02(LP)_FR,pdf|xml
